{
  "val_metrics": {
    "best_params": {
      "C": 4.0
    },
    "accuracy": 0.8916,
    "f1": 0.8923321414382201,
    "roc_auc": 0.9588447999999999
  },
  "test_metrics": {
    "accuracy": 0.8852,
    "f1": 0.8845627865819322,
    "roc_auc": 0.9538326847999999,
    "report": {
      "0": {
        "precision": 0.8809938281373635,
        "recall": 0.89072,
        "f1-score": 0.8858302172010502,
        "support": 12500.0
      },
      "1": {
        "precision": 0.8895000808930594,
        "recall": 0.87968,
        "f1-score": 0.8845627865819322,
        "support": 12500.0
      },
      "accuracy": 0.8852,
      "macro avg": {
        "precision": 0.8852469545152115,
        "recall": 0.8852,
        "f1-score": 0.8851965018914911,
        "support": 25000.0
      },
      "weighted avg": {
        "precision": 0.8852469545152114,
        "recall": 0.8852,
        "f1-score": 0.885196501891491,
        "support": 25000.0
      }
    },
    "confusion_matrix": [
      [
        11134,
        1366
      ],
      [
        1504,
        10996
      ]
    ]
  }
}